{
  "main": {
    "id": "c56d04f3a4db70e6",
    "type": "split",
    "children": [
      {
        "id": "61a7c4d540fd273a",
        "type": "tabs",
        "children": [
          {
            "id": "e3a9cefae585d875",
            "type": "leaf",
            "state": {
              "type": "image",
              "state": {
                "file": "images/p2p.png"
              },
              "icon": "lucide-image",
              "title": "p2p"
            }
          },
          {
            "id": "9112d2faec4cfd0c",
            "type": "leaf",
            "state": {
              "type": "markdown",
              "state": {
                "file": "BCT/questions/14. Ethereum and Bitcoin differences.md",
                "mode": "source",
                "source": false
              },
              "icon": "lucide-file",
              "title": "14. Ethereum and Bitcoin differences"
            }
          }
        ],
        "currentTab": 1
      }
    ],
    "direction": "vertical"
  },
  "left": {
    "id": "4f99a4c24712e7a1",
    "type": "split",
    "children": [
      {
        "id": "a3e503d14cad1c55",
        "type": "tabs",
        "children": [
          {
            "id": "8a0ffd11a6e519f0",
            "type": "leaf",
            "state": {
              "type": "file-explorer",
              "state": {
                "sortOrder": "alphabetical"
              },
              "icon": "lucide-folder-closed",
              "title": "Files"
            }
          },
          {
            "id": "25cd3f43fa0411ab",
            "type": "leaf",
            "state": {
              "type": "search",
              "state": {
                "query": "",
                "matchingCase": false,
                "explainSearch": false,
                "collapseAll": false,
                "extraContext": false,
                "sortOrder": "alphabetical"
              },
              "icon": "lucide-search",
              "title": "Search"
            }
          },
          {
            "id": "d137b6e714b04530",
            "type": "leaf",
            "state": {
              "type": "bookmarks",
              "state": {},
              "icon": "lucide-bookmark",
              "title": "Bookmarks"
            }
          }
        ]
      }
    ],
    "direction": "horizontal",
    "width": 268.5
  },
  "right": {
    "id": "4fd69ef03c0da1ea",
    "type": "split",
    "children": [
      {
        "id": "633eb5c19e4c62a3",
        "type": "tabs",
        "children": [
          {
            "id": "4b36b53324753fe8",
            "type": "leaf",
            "state": {
              "type": "backlink",
              "state": {
                "file": "BCT/BCT.md",
                "collapseAll": false,
                "extraContext": false,
                "sortOrder": "alphabetical",
                "showSearch": false,
                "searchQuery": "",
                "backlinkCollapsed": false,
                "unlinkedCollapsed": true
              },
              "icon": "links-coming-in",
              "title": "Backlinks for BCT"
            }
          },
          {
            "id": "8f004423ef1507e2",
            "type": "leaf",
            "state": {
              "type": "outgoing-link",
              "state": {
                "file": "BCT/BCT.md",
                "linksCollapsed": false,
                "unlinkedCollapsed": true
              },
              "icon": "links-going-out",
              "title": "Outgoing links from BCT"
            }
          },
          {
            "id": "0ba0c603cc8dad7c",
            "type": "leaf",
            "state": {
              "type": "tag",
              "state": {
                "sortOrder": "frequency",
                "useHierarchy": true
              },
              "icon": "lucide-tags",
              "title": "Tags"
            }
          },
          {
            "id": "1203deaf87f72d44",
            "type": "leaf",
            "state": {
              "type": "outline",
              "state": {
                "file": "Welcome.md"
              },
              "icon": "lucide-list",
              "title": "Outline of Welcome"
            }
          }
        ],
        "currentTab": 1
      }
    ],
    "direction": "horizontal",
    "width": 300,
    "collapsed": true
  },
  "left-ribbon": {
    "hiddenItems": {
      "switcher:Open quick switcher": false,
      "graph:Open graph view": false,
      "canvas:Create new canvas": false,
      "daily-notes:Open today's daily note": false,
      "templates:Insert template": false,
      "command-palette:Open command palette": false,
      "table-editor-obsidian:Advanced Tables Toolbar": false
    }
  },
  "floating": {
    "id": "ff916ff8b97a5c8f",
    "type": "floating",
    "children": [
      {
        "id": "32f59c0ec6eaa5d9",
        "type": "window",
        "children": [
          {
            "id": "9f1ad232b1be7e30",
            "type": "tabs",
            "children": [
              {
                "id": "91981ec035d75cbb",
                "type": "leaf",
                "state": {
                  "type": "markdown",
                  "state": {
                    "file": "BCT/BCT.md",
                    "mode": "source",
                    "source": false
                  },
                  "icon": "lucide-file",
                  "title": "BCT"
                }
              }
            ]
          }
        ],
        "direction": "vertical",
        "x": 768,
        "y": 0,
        "width": 768,
        "height": 864,
        "maximize": true,
        "zoom": 0
      }
    ]
  },
  "active": "91981ec035d75cbb",
  "lastOpenFiles": [
    "BCT/questions/29. Purpose of Gas in Ethereum network.md",
    "BCT/BCT.md",
    "BCT/questions/26. Error handling in Solidity.md",
    "BCT/questions/25. Types of operators.md",
    "BCT/questions/21. Solidity in block chain developement.md",
    "BCT/questions/20. Peer to peer keys in etherium.md",
    "BCT/questions/19. Types of accounts in etherium.md",
    "BCT/questions/18. Decentralized Layered Ecosystem.md",
    "BCT/questions/10. DLT.md",
    "BCT/questions/47. Blockchain and AI.md",
    "BCT/questions/41. Geth for safety against common blockchain apps.md",
    "BCT/questions/40. Geth interaction with EVM.md",
    "BCT/questions/39. Truffle's security and reliability.md",
    "BCT/questions/14. Ethereum and Bitcoin differences.md",
    "BCT/questions/38. Metamask interaction with dApps.md",
    "BCT/questions/37. Differences between Blockchain 1.0, 2.0, and 3.0.md",
    "BCT/questions/36. Truffle for testing and deploying Smart Contracts.md",
    "BCT/questions/35. Metamask Security Features.md",
    "BCT/questions/34. Hyperledger Fabric Architecture.md",
    "BCT/questions/33. GEth for interacting with Ethereum blockchain.md",
    "BCT/questions/32. Remix for smart contract development.md",
    "BCT/questions/31. Hyperledger Fabric and its uniqueness.md",
    "BCT/questions/30. Ganache for Smart Contracts.md",
    "BCT/questions/13. Public and Private keys in Ethereum accounts.md",
    "BCT/questions/12. DES and RSA Algorithms and their usage in security and integrity in Blockchain.md",
    "BCT/questions/11. EVM.md",
    "images/symmetric encryption.png",
    "images/p2p.png",
    "images/HF2.png",
    "images/HF.png",
    "images/AC.png",
    "images/DLT.png",
    "images/architecture of hyperledger.png",
    "Pasted image 20241216151204.png",
    "images/Architecture of block chain.png",
    "images/Evolution of BCT.png",
    "images",
    "BCT/questions",
    "BCT"
  ]
}